observation_date,CPIAUCSL_PC1,CPILFESL_PC1,PCEPI_PC1,PCEPILFE_PC1
1948-01-01,10.24209,,,
1948-02-01,9.48196,,,
1948-03-01,6.81818,,,
1948-04-01,8.27273,,,
1948-05-01,9.38497,,,
1948-06-01,9.37500,,,
1948-07-01,9.76158,,,
1948-08-01,9.06250,,,
1948-09-01,6.65499,,,
1948-10-01,6.11087,,,
1948-11-01,4.77016,,,
1948-12-01,2.73387,,,
1949-01-01,1.39358,,,
1949-02-01,1.01394,,,
1949-03-01,1.74468,,,
1949-04-01,0.41982,,,
1949-05-01,-0.41649,,,
1949-06-01,-0.95238,,,
1949-07-01,-2.86885,,,
1949-08-01,-2.98813,,,
1949-09-01,-2.50411,,,
1949-10-01,-2.63266,,,
1949-11-01,-1.90397,,,
1949-12-01,-1.82952,,,
1950-01-01,-2.08247,,,
1950-02-01,-1.25471,,,
1950-03-01,-1.12923,,,
1950-04-01,-1.12876,,,
1950-05-01,-0.58553,,,
1950-06-01,-0.16722,,,
1950-07-01,1.56118,,,
1950-08-01,2.10970,,,
1950-09-01,2.48421,,,
1950-10-01,3.50655,,,
1950-11-01,3.79747,,,
1950-12-01,5.80263,,,
1951-01-01,7.95406,,,
1951-02-01,9.40280,,,
1951-03-01,9.47547,,,
1951-04-01,9.59831,,,
1951-05-01,9.33950,,,
1951-06-01,8.58459,,,
1951-07-01,7.64437,,,
1951-08-01,6.85950,,,
1951-09-01,6.94330,,,
1951-10-01,6.77551,,,
1951-11-01,6.99187,,,
1951-12-01,5.96477,,,
1952-01-01,4.21592,,,
1952-02-01,2.24545,,,
1952-03-01,1.97063,,,
1952-04-01,2.08333,,,
1952-05-01,1.84686,,,
1952-06-01,2.31392,,,
1952-07-01,2.97183,,,
1952-08-01,3.20959,,,
1952-09-01,2.30503,,,
1952-10-01,2.02599,,,
1952-11-01,1.40578,,,
1952-12-01,0.90669,,,
1953-01-01,0.71834,,,
1953-02-01,0.68156,,,
1953-03-01,0.90944,,,
1953-04-01,0.86924,,,
1953-05-01,0.86891,,,
1953-06-01,0.90464,,,
1953-07-01,0.41229,,,
1953-08-01,0.59948,,,
1953-09-01,0.97634,,,
1953-10-01,0.97415,,,
1953-11-01,0.59948,,,
1953-12-01,0.59903,,,
1954-01-01,1.12613,,,
1954-02-01,1.50432,,,
1954-03-01,1.12655,,,
1954-04-01,0.63694,,,
1954-05-01,0.86142,,,
1954-06-01,0.63504,,,
1954-07-01,0.26129,,,
1954-08-01,0.00000,,,
1954-09-01,-0.29751,,,
1954-10-01,-0.85343,,,
1954-11-01,-0.26071,,,
1954-12-01,-0.37216,,,
1955-01-01,-0.63103,,,
1955-02-01,-0.62986,,,
1955-03-01,-0.51987,,,
1955-04-01,-0.26061,,,
1955-05-01,-0.59413,,,
1955-06-01,-0.85375,,,
1955-07-01,-0.37230,,,
1955-08-01,-0.48417,,,
1955-09-01,0.14920,,,
1955-10-01,0.37425,,,
1955-11-01,0.37341,,,
1955-12-01,0.37355,,,
1956-01-01,0.22413,,,
1956-02-01,0.14914,,,
1956-03-01,0.37327,,,
1956-04-01,0.52258,,,
1956-05-01,0.97124,,,
1956-06-01,1.64732,,,
1956-07-01,1.98057,,,
1956-08-01,2.20808,,,
1956-09-01,1.86220,,,
1956-10-01,2.57271,,,
1956-11-01,2.34375,,,
1956-12-01,2.82843,,,
1957-01-01,3.13082,,,
1957-02-01,3.49963,,,
1957-03-01,3.60729,,,
1957-04-01,3.71333,,,
1957-05-01,3.58861,,,
1957-06-01,3.53591,,,
1957-07-01,3.29791,,,
1957-08-01,3.55181,,,
1957-09-01,3.54662,,,
1957-10-01,2.94438,,,
1957-11-01,3.27154,,,
1957-12-01,3.04017,,,
1958-01-01,3.50560,2.80702,,
1958-02-01,3.23741,2.79720,,
1958-03-01,3.62527,2.78746,,
1958-04-01,3.61618,2.43056,,
1958-05-01,3.35714,2.43056,,
1958-06-01,2.84596,2.42215,,
1958-07-01,2.48315,2.06897,,
1958-08-01,2.33380,2.06897,,
1958-09-01,2.08333,2.06186,,
1958-10-01,2.08333,1.71233,,
1958-11-01,1.90074,1.70648,,
1958-12-01,1.75623,2.04778,,
1959-01-01,1.29190,2.04778,,
1959-02-01,1.04530,1.70068,,
1959-03-01,0.34638,1.69492,,
1959-04-01,0.13822,1.69492,,
1959-05-01,0.34554,2.03390,,
1959-06-01,0.69180,2.02703,,
1959-07-01,0.89997,2.02703,,
1959-08-01,0.82930,2.02703,,
1959-09-01,1.17606,2.02020,,
1959-10-01,1.52196,2.35690,,
1959-11-01,1.38169,2.01342,,
1959-12-01,1.51881,2.00669,,
1960-01-01,1.24095,2.00669,1.69480,2.07083
1960-02-01,1.41379,2.34114,1.69972,2.18526
1960-03-01,1.51881,2.00000,1.69201,2.07327
1960-04-01,1.93237,2.00000,1.85952,2.00385
1960-05-01,1.82507,1.66113,1.91108,2.04631
1960-06-01,1.71762,1.65563,1.66328,1.80365
1960-07-01,1.37221,1.32450,1.63367,1.74196
1960-08-01,1.47361,1.32450,1.65742,1.72644
1960-09-01,1.23077,0.99010,1.45135,1.54403
1960-10-01,1.36286,1.31579,1.32450,1.42721
1960-11-01,1.46508,1.31579,1.60265,1.51323
1960-12-01,1.36008,0.65574,1.50356,1.32760
1961-01-01,1.60027,0.98361,1.58226,1.32727
1961-02-01,1.46209,0.65359,1.56766,1.23644
1961-03-01,1.46209,0.98039,1.45021,1.26159
1961-04-01,0.91401,0.98039,1.02567,1.21521
1961-05-01,0.91309,0.98039,0.97951,1.18180
1961-06-01,0.77676,0.97720,0.97907,1.27537
1961-07-01,1.25212,1.30719,1.01588,1.25431
1961-08-01,1.11449,1.63399,0.93074,1.21493
1961-09-01,1.24958,1.63399,0.98794,1.33283
1961-10-01,0.77311,0.97403,0.86505,1.30707
1961-11-01,0.67159,1.29870,0.53005,1.05408
1961-12-01,0.67092,1.62866,0.53633,1.17295
1962-01-01,0.67024,1.29870,0.70859,1.26622
1962-02-01,0.90483,1.29870,0.88654,1.33350
1962-03-01,1.10590,1.29450,1.07849,1.53865
1962-04-01,1.34183,1.29450,1.25152,1.41835
1962-05-01,1.34048,1.61812,1.25718,1.42893
1962-06-01,1.23995,1.29032,1.27575,1.46402
1962-07-01,1.00267,1.29032,0.99930,1.39362
1962-08-01,1.13560,1.28617,1.06207,1.29934
1962-09-01,1.46765,1.28617,1.44200,1.29678
1962-10-01,1.33422,1.28617,1.34680,1.25934
1962-11-01,1.33422,0.96154,1.41024,1.31465
1962-12-01,1.23292,1.28205,1.34637,1.25802
1963-01-01,1.33156,0.96154,1.40086,1.33046
1963-02-01,1.22883,1.28205,1.23909,1.27906
1963-03-01,1.12695,1.27796,1.02279,1.10429
1963-04-01,0.89374,1.27796,0.90181,1.20837
1963-05-01,0.89286,0.95541,1.00208,1.24954
1963-06-01,1.32406,1.27389,1.15891,1.23502
1963-07-01,1.55526,1.27389,1.41795,1.24007
1963-08-01,1.55218,1.26984,1.40960,1.31933
1963-09-01,0.98619,1.26984,0.89549,1.30456
1963-10-01,1.21791,1.58730,1.19100,1.53630
1963-11-01,1.31666,1.58730,1.26535,1.55346
1963-12-01,1.64582,1.58228,1.45382,1.66870
1964-01-01,1.64258,2.22222,1.41902,1.61692
1964-02-01,1.41076,1.89873,1.45498,1.69399
1964-03-01,1.40937,1.57729,1.59990,1.72937
1964-04-01,1.54199,1.57729,1.68125,1.69697
1964-05-01,1.54048,1.57729,1.52877,1.59710
1964-06-01,1.30676,1.57233,1.45072,1.49777
1964-07-01,1.07527,1.57233,1.37948,1.50848
1964-08-01,0.97561,1.25392,1.31554,1.54931
1964-09-01,1.17188,1.25392,1.48957,1.40811
1964-10-01,1.20325,1.25000,1.35663,1.22486
1964-11-01,1.39701,1.56250,1.35470,1.27774
1964-12-01,1.19819,1.24611,1.35269,1.27591
1965-01-01,1.09890,1.24224,1.25123,1.27415
1965-02-01,1.19702,1.24224,1.15098,1.20007
1965-03-01,1.19586,1.24224,1.21794,1.16314
1965-04-01,1.38934,1.55280,1.30309,1.19190
1965-05-01,1.61394,1.55280,1.51804,1.29213
1965-06-01,1.93486,1.23839,1.66933,1.19600
1965-07-01,1.80529,1.23839,1.61201,1.19479
1965-08-01,1.61031,1.23839,1.56183,1.25260
1965-09-01,1.73745,1.54799,1.45548,1.32922
1965-10-01,1.70308,1.23457,1.42403,1.25156
1965-11-01,1.73021,1.23077,1.45255,1.29716
1965-12-01,1.92000,1.53846,1.66982,1.46093
1966-01-01,1.91816,1.22699,1.68016,1.35263
1966-02-01,2.55754,1.53374,2.05671,1.48083
1966-03-01,2.77866,1.53374,2.17563,1.55071
1966-04-01,2.86807,1.83486,2.36636,1.79623
1966-05-01,2.76366,2.14067,2.26420,1.88114
1966-06-01,2.43594,2.44648,2.22142,2.23437
1966-07-01,2.75491,2.75229,2.34648,2.43186
1966-08-01,3.48653,3.05810,2.71379,2.42730
1966-09-01,3.57369,3.04878,2.98975,2.62357
1966-10-01,3.79147,3.65854,3.22989,2.99356
1966-11-01,3.55906,3.34347,3.20640,3.05812
1966-12-01,3.35950,3.33333,3.05101,3.06051
1967-01-01,3.19950,3.63636,2.93360,3.12373
1967-02-01,2.86783,3.32326,2.62938,3.05796
1967-03-01,2.54817,3.62538,2.43264,3.08309
1967-04-01,2.54027,3.30330,2.25239,2.99682
1967-05-01,2.31839,3.29341,2.32063,2.94847
1967-06-01,2.84126,3.28358,2.39164,2.87571
1967-07-01,2.92758,3.27381,2.54023,2.92465
1967-08-01,2.60337,3.56083,2.46595,3.05094
1967-09-01,2.59542,3.55030,2.45230,3.09861
1967-10-01,2.58752,3.23529,2.46921,3.14544
1967-11-01,3.10219,3.52941,2.65796,3.21702
1967-12-01,3.28068,3.81232,2.60586,3.15629
1968-01-01,3.64742,3.80117,3.07683,3.52077
1968-02-01,3.63636,4.38596,3.37536,3.77955
1968-03-01,3.93939,4.37318,3.65811,4.03289
1968-04-01,3.92749,4.36047,3.80847,4.12852
1968-05-01,4.22961,4.34783,3.99213,4.29324
1968-06-01,4.20420,4.62428,3.99677,4.43898
1968-07-01,4.49102,4.89914,3.96023,4.42946
1968-08-01,4.47761,4.58453,4.06257,4.51591
1968-09-01,4.46429,4.85714,4.10740,4.56634
1968-10-01,4.74777,5.12821,4.27253,4.60461
1968-11-01,4.42478,5.39773,4.28117,4.66689
1968-12-01,4.70588,5.08475,4.33107,4.72117
1969-01-01,4.69208,5.07042,4.25460,4.65116
1969-02-01,4.67836,5.32213,4.09689,4.56053
1969-03-01,5.24781,5.58659,4.24602,4.63454
1969-04-01,5.52326,6.12813,4.37793,4.64991
1969-05-01,5.50725,5.83333,4.41193,4.67541
1969-06-01,5.47550,5.80110,4.58075,4.62502
1969-07-01,5.44413,5.76923,4.72162,4.76445
1969-08-01,5.42857,6.02740,4.58125,4.65030
1969-09-01,5.69801,5.99455,4.65320,4.64747
1969-10-01,5.66572,5.96206,4.55092,4.67078
1969-11-01,5.93220,5.66038,4.64990,4.67412
1969-12-01,5.89888,5.91398,4.91198,4.74919
1970-01-01,6.16246,6.16622,4.87660,4.70005
1970-02-01,6.42458,5.85106,5.02618,4.74111
1970-03-01,6.09418,6.08466,4.79312,4.64142
1970-04-01,6.06061,6.03675,4.86304,4.65464
1970-05-01,6.04396,6.29921,4.77434,4.60520
1970-06-01,6.01093,6.52742,4.53919,4.62011
1970-07-01,5.70652,6.23377,4.46122,4.53249
1970-08-01,5.69106,6.20155,4.44901,4.60109
1970-09-01,5.66038,6.16967,4.48301,4.61811
1970-10-01,5.63003,6.13811,4.64545,4.68396
1970-11-01,5.60000,6.63265,4.60458,4.82163
1970-12-01,5.57029,6.59898,4.58877,4.95876
1971-01-01,5.27704,6.31313,4.43825,5.02715
1971-02-01,4.72441,6.03015,4.32816,5.02283
1971-03-01,4.43864,5.23691,4.41493,4.96959
1971-04-01,4.15584,4.95050,4.29570,4.94508
1971-05-01,4.40415,5.18519,4.39913,5.03067
1971-06-01,4.38144,4.90196,4.59065,5.07140
1971-07-01,4.37018,4.88998,4.52340,5.07162
1971-08-01,4.35897,4.62287,4.55187,4.85508
1971-09-01,4.08163,4.11622,4.24048,4.59314
1971-10-01,3.80711,3.85542,3.88495,4.24344
1971-11-01,3.53535,3.34928,3.69062,3.94409
1971-12-01,3.26633,3.09524,3.63969,3.74815
1972-01-01,3.25815,3.32542,3.84444,3.78083
1972-02-01,3.75940,3.31754,3.95152,3.66730
1972-03-01,3.50000,3.31754,3.75681,3.53778
1972-04-01,3.49127,3.30189,3.50731,3.39325
1972-05-01,3.22581,3.05164,3.30768,3.18224
1972-06-01,2.96296,2.80374,3.00694,2.98348
1972-07-01,2.95567,2.79720,3.06562,2.88404
1972-08-01,2.94840,3.02326,3.06639,2.95874
1972-09-01,3.18627,3.02326,3.37474,3.12948
1972-10-01,3.17848,3.01624,3.33109,3.02765
1972-11-01,3.41463,2.77778,3.42495,3.06686
1972-12-01,3.40633,3.00231,3.34942,3.05270
1973-01-01,3.64078,2.52874,3.23578,2.67861
1973-02-01,3.86473,2.75229,3.36999,2.72611
1973-03-01,4.83092,3.21101,3.95683,2.93917
1973-04-01,5.30120,2.96804,4.56994,3.29551
1973-05-01,5.52885,3.18907,4.85217,3.45546
1973-06-01,5.99520,3.18182,5.29215,3.69249
1973-07-01,5.74163,3.17460,5.29674,3.83974
1973-08-01,7.39857,3.16027,6.20293,4.10146
1973-09-01,7.36342,3.83747,6.14725,4.28059
1973-10-01,8.05687,4.27928,6.62883,4.62303
1973-11-01,8.25472,4.72973,7.18427,4.85211
1973-12-01,8.94118,4.70852,7.72076,5.11827
1974-01-01,9.60187,5.15695,8.42590,5.56916
1974-02-01,10.00000,5.35714,9.11550,5.90663
1974-03-01,10.13825,5.77778,9.60208,6.30276
1974-04-01,10.06865,6.20843,9.56298,6.48181
1974-05-01,10.70615,7.06402,10.10074,7.09158
1974-06-01,10.85973,7.92952,10.40558,7.72349
1974-07-01,11.53846,8.79121,10.81804,8.21579
1974-08-01,10.88889,9.84683,10.69903,8.75238
1974-09-01,11.94690,10.21739,11.40701,9.17688
1974-10-01,11.84211,10.58315,11.57403,9.60822
1974-11-01,12.20044,10.96774,11.49719,9.87728
1974-12-01,12.09503,11.34904,11.46352,10.04322
1975-01-01,11.75214,11.51386,11.09127,10.14169
1975-02-01,11.20507,11.86441,10.40888,10.21999
1975-03-01,10.46025,11.34454,9.51273,9.93722
1975-04-01,10.18711,11.27349,9.11191,9.65292
1975-05-01,9.25926,10.30928,8.47970,9.07047
1975-06-01,9.18367,9.79592,8.23815,8.48877
1975-07-01,9.53347,9.09091,8.36684,8.19764
1975-08-01,8.61723,7.96813,7.71128,7.53555
1975-09-01,7.90514,7.49507,7.13189,7.15748
1975-10-01,7.64706,7.03125,6.98729,6.85574
1975-11-01,7.37864,6.97674,6.87313,6.78275
1975-12-01,7.12909,6.73077,6.61892,6.67745
1976-01-01,6.69216,6.88337,6.36385,6.60439
1976-02-01,6.27376,6.43939,5.92601,6.27661
1976-03-01,6.06061,6.60377,5.72772,6.07390
1976-04-01,5.84906,6.37899,5.61016,5.97290
1976-05-01,6.21469,6.54206,5.68943,6.02256
1976-06-01,5.98131,6.31970,5.49319,5.93742
1976-07-01,5.55556,6.66667,5.12744,5.86774
1976-08-01,5.71956,6.82657,5.24935,6.11355
1976-09-01,5.49451,6.78899,5.31907,6.15769
1976-10-01,5.46448,6.75182,5.25912,6.14901
1976-11-01,5.06329,6.34058,5.06210,5.93063
1976-12-01,5.03597,6.12613,5.07042,5.86239
1977-01-01,5.19713,6.08229,5.28153,5.96538
1977-02-01,6.08229,6.22776,5.96816,6.19209
1977-03-01,6.42857,6.19469,6.33947,6.29301
1977-04-01,6.95187,6.34921,6.71535,6.39983
1977-05-01,6.73759,6.31579,6.74766,6.44044
1977-06-01,6.70194,6.64336,6.87784,6.64320
1977-07-01,6.66667,6.25000,6.88901,6.71545
1977-08-01,6.63176,6.21762,6.79864,6.62466
1977-09-01,6.42361,6.18557,6.60361,6.45117
1977-10-01,6.39033,5.98291,6.54144,6.44373
1977-11-01,6.71256,6.13288,6.66736,6.51056
1977-12-01,6.67808,6.45161,6.58899,6.48230
1978-01-01,6.81431,6.40809,6.59878,6.47009
1978-02-01,6.23946,6.19765,6.26272,6.22853
1978-03-01,6.37584,6.33333,6.41700,6.35315
1978-04-01,6.50000,6.63350,6.60472,6.51557
1978-05-01,7.14286,6.76568,6.82508,6.59870
1978-06-01,7.43802,6.88525,6.92310,6.55619
1978-07-01,7.73026,7.18954,6.95348,6.52580
1978-08-01,7.85597,7.47967,6.99685,6.57220
1978-09-01,8.48287,7.92880,7.19969,6.73646
1978-10-01,8.92857,8.38710,7.55418,7.00165
1978-11-01,8.87097,8.50722,7.54674,7.02353
1978-12-01,8.98876,8.45295,7.52636,6.88827
1979-01-01,9.25040,8.55784,7.70340,6.79633
1979-02-01,9.84127,9.14826,7.77625,6.73537
1979-03-01,10.25237,9.40439,7.91960,6.76843
1979-04-01,10.48513,9.33126,8.22504,7.06340
1979-05-01,10.69767,9.42813,8.56973,7.36160
1979-06-01,11.07692,9.35583,8.75625,7.36415
1979-07-01,11.45038,9.60366,8.98960,7.27178
1979-08-01,11.83612,9.98487,9.26990,7.40763
1979-09-01,11.87970,9.89505,9.61151,7.52056
1979-10-01,12.07154,10.11905,9.63246,7.51716
1979-11-01,12.59259,10.65089,9.77102,7.62429
1979-12-01,13.25479,11.32353,10.17844,7.97831
1980-01-01,13.86861,11.97080,10.49796,8.24466
1980-02-01,14.16185,11.99422,11.10256,8.96640
1980-03-01,14.59227,12.60745,11.59518,9.34952
1980-04-01,14.58924,13.08677,11.01904,8.90385
1980-05-01,14.42577,13.13559,10.73638,8.83582
1980-06-01,14.26593,13.60449,10.52286,8.94820
1980-07-01,13.15068,12.37830,10.53958,9.16478
1980-08-01,12.89009,11.82944,10.61420,9.22989
1980-09-01,12.76882,12.00546,10.66065,9.51302
1980-10-01,12.63298,12.16216,10.64341,9.61273
1980-11-01,12.63158,12.16578,10.77594,9.77532
1980-12-01,12.35371,12.15324,10.56643,9.64735
1981-01-01,11.79487,11.34289,10.47032,9.76456
1981-02-01,11.39241,10.83871,10.39279,9.47460
1981-03-01,10.61174,9.92366,9.81388,9.07151
1981-04-01,10.13597,9.43396,9.72109,9.20794
1981-05-01,9.79192,9.61298,9.36282,9.08097
1981-06-01,9.69697,9.38272,9.11039,8.90190
1981-07-01,10.77482,11.13861,8.92226,8.79514
1981-08-01,10.81731,11.56212,8.69864,8.73720
1981-09-01,10.96544,11.81486,8.35453,8.42797
1981-10-01,10.27155,10.96386,7.98092,8.18473
1981-11-01,9.57944,10.25030,7.68354,7.96548
1981-12-01,8.91204,9.54064,7.31887,7.71800
1982-01-01,8.25688,9.25059,6.92985,7.44587
1982-02-01,7.61364,9.19674,6.17728,7.07810
1982-03-01,6.88488,8.68056,5.71257,6.95232
1982-04-01,6.62177,8.85057,5.30587,6.69407
1982-05-01,6.91193,8.65604,5.45800,6.54071
1982-06-01,7.18232,8.46501,5.80077,6.54474
1982-07-01,6.55738,7.68374,5.78950,6.59253
1982-08-01,5.96529,7.05623,5.45659,6.37097
1982-09-01,4.94092,5.88235,5.11236,6.06943
1982-10-01,5.03212,5.86319,5.22578,6.10933
1982-11-01,4.47761,5.18919,4.97929,5.88291
1982-12-01,3.82572,4.51613,4.81488,5.82832
1983-01-01,3.70763,4.60879,4.68155,5.90254
1983-02-01,3.48469,4.47761,4.54473,5.88687
1983-03-01,3.59029,4.57934,4.41063,5.56019
1983-04-01,4.00000,4.11827,4.83454,5.46214
1983-05-01,3.44108,3.66876,4.51084,5.04256
1983-06-01,2.47423,3.22581,4.14504,5.00593
1983-07-01,2.35897,3.20579,4.11617,5.03266
1983-08-01,2.45650,3.08960,4.23872,5.09087
1983-09-01,2.76356,3.39506,4.31543,5.12607
1983-10-01,2.75229,3.58974,3.90881,4.64898
1983-11-01,3.16327,4.31655,3.74364,4.50719
1983-12-01,3.78710,4.73251,3.64388,4.25315
1984-01-01,4.29009,5.02049,3.61173,3.88915
1984-02-01,4.69388,4.89796,4.13187,4.15815
1984-03-01,4.89297,5.09165,4.33942,4.42051
1984-04-01,4.55466,5.17241,4.26135,4.59526
1984-05-01,4.33468,5.25784,4.09840,4.68692
1984-06-01,4.32596,5.34274,3.89630,4.44556
1984-07-01,4.30862,5.21042,3.68219,4.19339
1984-08-01,4.29570,5.29471,3.55806,4.00000
1984-09-01,4.28287,5.27363,3.33581,3.74000
1984-10-01,4.26587,5.14851,3.40421,3.78890
1984-11-01,4.15430,4.82759,3.40362,3.76731
1984-12-01,4.04339,4.91159,3.63824,4.10093
1985-01-01,3.52595,4.48780,3.70448,4.33777
1985-02-01,3.60624,4.76654,3.48968,4.22203
1985-03-01,3.79009,4.74806,3.55530,4.19135
1985-04-01,3.58180,4.53230,3.31163,3.82669
1985-05-01,3.57488,4.51489,3.42549,3.94300
1985-06-01,3.66442,4.40191,3.52277,4.04196
1985-07-01,3.45821,4.19048,3.40722,3.89820
1985-08-01,3.35249,4.17457,3.43170,4.06511
1985-09-01,3.24737,3.96975,3.46603,4.12078
1985-10-01,3.23501,4.04896,3.39444,4.05392
1985-11-01,3.51377,4.41729,3.54903,4.08846
1985-12-01,3.79147,4.30712,3.60425,3.95983
1986-01-01,3.97351,4.48179,3.56404,3.93776
1986-02-01,3.19849,4.17827,3.08546,3.66856
1986-03-01,2.15356,4.07031,2.45834,3.62148
1986-04-01,1.58879,4.15129,2.10152,3.68565
1986-05-01,1.67910,3.95221,2.04650,3.50641
1986-06-01,1.76744,3.94134,2.14878,3.47483
1986-07-01,1.67131,4.02194,1.92438,3.36099
1986-08-01,1.57553,4.00729,1.71551,3.06669
1986-09-01,1.75763,4.18182,1.87714,3.19309
1986-10-01,1.56682,4.07240,1.88985,3.37783
1986-11-01,1.28440,3.78038,1.77585,3.34392
1986-12-01,1.18721,3.77020,1.57522,3.19712
1987-01-01,1.36488,3.57462,1.58562,2.89035
1987-02-01,1.91431,3.56506,1.94190,2.83411
1987-03-01,2.84143,3.64444,2.43663,2.82551
1987-04-01,3.67985,3.89725,3.02941,3.07486
1987-05-01,3.66972,4.06720,3.10237,3.18790
1987-06-01,3.74771,3.96825,3.10844,3.16095
1987-07-01,3.92694,3.95431,3.32069,3.24012
1987-08-01,4.28832,3.94046,3.59959,3.37795
1987-09-01,4.27273,4.01396,3.60923,3.44748
1987-10-01,4.35572,4.17391,3.75233,3.53720
1987-11-01,4.52899,4.16305,3.76309,3.53352
1987-12-01,4.33213,4.15225,3.81212,3.61664
1988-01-01,4.12926,4.31406,3.72683,3.85713
1988-02-01,3.93560,4.30293,3.51794,3.85878
1988-03-01,3.83244,4.37393,3.59865,3.99500
1988-04-01,3.99290,4.26257,3.71501,4.05917
1988-05-01,3.98230,4.24809,3.75319,4.12110
1988-06-01,3.96476,4.49534,3.80160,4.27474
1988-07-01,4.13005,4.48014,4.06523,4.43007
1988-08-01,4.11199,4.46504,3.96254,4.33689
1988-09-01,4.18483,4.61409,4.11823,4.48118
1988-10-01,4.26087,4.50751,4.12767,4.43258
1988-11-01,4.24610,4.57952,4.17219,4.50078
1988-12-01,4.41176,4.65116,4.30436,4.62750
1989-01-01,4.48276,4.63193,4.43450,4.66249
1989-02-01,4.64716,4.70297,4.62640,4.71326
1989-03-01,4.89270,4.68365,4.65679,4.57854
1989-04-01,5.03413,4.49714,4.84399,4.42239
1989-05-01,5.27660,4.56398,4.92167,4.37851
1989-06-01,5.16949,4.54545,4.70537,4.21632
1989-07-01,5.06329,4.53074,4.44812,4.05957
1989-08-01,4.62185,4.43548,4.15224,3.94594
1989-09-01,4.43515,4.17001,3.87779,3.75087
1989-10-01,4.58716,4.31310,3.94427,3.73313
1989-11-01,4.65503,4.37898,3.92976,3.72468
1989-12-01,4.63960,4.44444,3.90681,3.67544
1990-01-01,5.19802,4.42688,4.15903,3.55018
1990-02-01,5.26316,4.57053,4.27113,3.78903
1990-03-01,5.23732,4.78807,4.27648,3.97787
1990-04-01,4.71162,4.85133,3.80424,3.93854
1990-05-01,4.36540,4.75448,3.65928,3.94584
1990-06-01,4.67365,4.89130,3.89030,4.07333
1990-07-01,4.81928,5.10836,3.89843,4.06805
1990-08-01,5.70281,5.48263,4.57662,4.35612
1990-09-01,6.16987,5.54273,4.98489,4.35817
1990-10-01,6.37959,5.35988,5.17477,4.33388
1990-11-01,6.19539,5.26316,5.07895,4.18290
1990-12-01,6.25495,5.31915,4.87326,4.03196
1991-01-01,5.64706,5.60182,4.48141,4.14998
1991-02-01,5.31250,5.65185,4.07577,3.93321
1991-03-01,4.82115,5.24345,3.70640,3.65164
1991-04-01,4.80993,5.14925,3.67666,3.55069
1991-05-01,5.03486,5.13393,3.87249,3.64634
1991-06-01,4.69592,4.95929,3.59014,3.46816
1991-07-01,4.36782,4.78645,3.49755,3.52226
1991-08-01,3.79939,4.61201,3.05345,3.37596
1991-09-01,3.39623,4.59519,2.77681,3.42820
1991-10-01,2.84858,4.43314,2.38279,3.30543
1991-11-01,3.06657,4.49275,2.47832,3.37328
1991-12-01,2.98063,4.40115,2.63844,3.48437
1992-01-01,2.67261,4.01434,2.38815,3.25129
1992-02-01,2.81899,3.70899,2.59607,3.24721
1992-03-01,3.18991,3.84342,2.82256,3.28888
1992-04-01,3.18283,3.83251,2.91365,3.42088
1992-05-01,3.02360,3.89243,2.62560,3.15534
1992-06-01,3.01471,3.73766,2.63414,3.01240
1992-07-01,3.15712,3.72453,2.81127,3.08788
1992-08-01,3.07467,3.49895,2.70947,2.89950
1992-09-01,2.99270,3.27755,2.52478,2.65641
1992-10-01,3.27988,3.54906,2.69515,2.82464
1992-11-01,3.12046,3.46741,2.67160,2.85728
1992-12-01,2.96671,3.38632,2.59460,2.79511
1993-01-01,3.25380,3.44590,2.70443,2.81422
1993-02-01,3.24675,3.57634,2.59885,2.73138
1993-03-01,3.01941,3.35846,2.56080,2.69958
1993-04-01,3.15638,3.48599,2.55707,2.66114
1993-05-01,3.22119,3.40599,2.73721,2.86434
1993-06-01,2.99786,3.39905,2.59022,2.88233
1993-07-01,2.84698,3.18428,2.41641,2.70731
1993-08-01,2.84091,3.31305,2.45406,2.80542
1993-09-01,2.76400,3.24105,2.39355,2.79314
1993-10-01,2.75229,3.09140,2.35384,2.56698
1993-11-01,2.74455,3.15013,2.34609,2.60745
1993-12-01,2.81096,3.14171,2.19085,2.46314
1994-01-01,2.45098,2.93138,1.97724,2.24661
1994-02-01,2.51572,2.78884,2.05963,2.27283
1994-03-01,2.65178,2.98408,2.13132,2.39726
1994-04-01,2.36439,2.70806,1.98044,2.25372
1994-05-01,2.28849,2.70092,1.81418,2.13570
1994-06-01,2.49480,2.82709,2.02756,2.26514
1994-07-01,2.69896,2.88903,2.18571,2.26800
1994-08-01,2.90055,2.81414,2.24643,2.19152
1994-09-01,2.96552,3.00850,2.25329,2.19273
1994-10-01,2.60989,2.86832,2.10565,2.26567
1994-11-01,2.60274,2.79402,2.10624,2.18950
1994-12-01,2.59740,2.59235,2.14846,2.17804
1995-01-01,2.87081,2.91262,2.32150,2.35120
1995-02-01,2.86299,2.97158,2.26595,2.29690
1995-03-01,2.78722,2.96201,2.17329,2.19993
1995-04-01,3.12500,3.15113,2.32068,2.28420
1995-05-01,3.11864,3.07890,2.32942,2.23025
1995-06-01,3.04260,3.00512,2.18041,2.09232
1995-07-01,2.83019,2.99936,1.98703,2.03928
1995-08-01,2.61745,2.99173,1.97197,2.16956
1995-09-01,2.54521,2.98413,1.92930,2.14862
1995-10-01,2.74431,3.10520,2.02032,2.15679
1995-11-01,2.60347,3.03413,1.82380,2.03568
1995-12-01,2.53165,3.03222,1.95399,2.14479
1996-01-01,2.79070,2.95597,1.97387,2.00657
1996-02-01,2.71703,2.88582,1.95402,1.97268
1996-03-01,2.84392,2.81426,2.07362,1.95913
1996-04-01,2.83267,2.61845,2.11112,1.86026
1996-05-01,2.82709,2.67579,2.13005,1.86435
1996-06-01,2.82152,2.66915,2.02903,1.85405
1996-07-01,2.88336,2.66419,2.11646,1.88437
1996-08-01,2.81230,2.59580,1.99417,1.72849
1996-09-01,3.00457,2.65105,2.21193,1.90331
1996-10-01,3.06189,2.51998,2.25609,1.89725
1996-11-01,3.25309,2.57669,2.44099,1.96492
1996-12-01,3.37882,2.63642,2.36310,1.86040
1997-01-01,3.03814,2.50458,2.26874,1.85400
1997-02-01,3.03226,2.50000,2.32060,1.93023
1997-03-01,2.76527,2.43309,2.12020,1.93718
1997-04-01,2.43434,2.61239,1.91524,1.99866
1997-05-01,2.23785,2.54545,1.69339,1.89565
1997-06-01,2.23357,2.41838,1.82513,1.96808
1997-07-01,2.16561,2.41400,1.67107,1.84668
1997-08-01,2.29008,2.28916,1.65505,1.71754
1997-09-01,2.21940,2.22222,1.61297,1.62051
1997-10-01,2.08597,2.27818,1.43884,1.53352
1997-11-01,1.89036,2.15311,1.26445,1.43157
1997-12-01,1.69705,2.27001,1.12567,1.45213
1998-01-01,1.63112,2.26460,1.04421,1.49837
1998-02-01,1.44020,2.26056,0.78117,1.37747
1998-03-01,1.37672,2.25653,0.69064,1.24405
1998-04-01,1.43840,2.13144,0.71699,1.23184
1998-05-01,1.68856,2.18676,0.90091,1.25607
1998-06-01,1.62297,2.24321,0.68655,0.97968
1998-07-01,1.74564,2.23925,0.87507,1.19487
1998-08-01,1.61692,2.47350,0.93400,1.43359
1998-09-01,1.42680,2.35018,0.63297,1.20678
1998-10-01,1.48607,2.22743,0.72265,1.25076
1998-11-01,1.48423,2.34192,0.72119,1.23789
1998-12-01,1.60692,2.45327,0.84440,1.35368
1999-01-01,1.66667,2.33100,0.93587,1.34330
1999-02-01,1.66667,2.15241,0.93212,1.22177
1999-03-01,1.72840,2.03252,0.99279,1.14445
1999-04-01,2.28113,2.20290,1.35456,1.21823
1999-05-01,2.09102,2.08213,1.28218,1.21706
1999-06-01,1.96560,1.96305,1.39903,1.39799
1999-07-01,2.14461,2.07493,1.41811,1.29498
1999-08-01,2.26438,1.89655,1.46256,1.14687
1999-09-01,2.62997,2.06659,1.88554,1.43142
1999-10-01,2.56254,2.12156,1.83368,1.40669
1999-11-01,2.62035,2.05950,1.92065,1.48595
1999-12-01,2.67640,1.88141,2.05476,1.43960
2000-01-01,2.79296,2.10706,2.18914,1.53867
2000-02-01,3.21797,2.16401,2.56874,1.72237
2000-03-01,3.76214,2.44735,2.93088,1.90087
2000-04-01,3.01386,2.26886,2.35099,1.70654
2000-05-01,3.13253,2.37960,2.36895,1.71853
2000-06-01,3.73494,2.54813,2.68426,1.74211
2000-07-01,3.59928,2.48447,2.66881,1.79197
2000-08-01,3.35129,2.59447,2.47547,1.87257
2000-09-01,3.45650,2.53093,2.54810,1.85002
2000-10-01,3.45033,2.52667,2.51486,1.81848
2000-11-01,3.44418,2.63453,2.56633,1.90048
2000-12-01,3.43602,2.57415,2.48478,1.87109
2001-01-01,3.72120,2.56553,2.70144,2.00522
2001-02-01,3.52941,2.78707,2.53720,2.03588
2001-03-01,2.98246,2.61111,2.10870,1.93246
2001-04-01,3.21826,2.66223,2.37324,2.02769
2001-05-01,3.56308,2.54566,2.55765,1.94251
2001-06-01,3.19396,2.70569,2.39173,2.09220
2001-07-01,2.72148,2.69972,2.10173,2.12212
2001-08-01,2.72148,2.63881,2.09646,2.04209
2001-09-01,2.59217,2.63302,1.31310,1.21671
2001-10-01,2.12766,2.62870,1.53188,1.78733
2001-11-01,1.89437,2.73075,1.32157,1.81466
2001-12-01,1.60367,2.78232,1.06208,1.73873
2002-01-01,1.19590,2.61011,0.66594,1.41828
2002-02-01,1.13636,2.54881,0.67957,1.43290
2002-03-01,1.36286,2.43638,0.94331,1.44851
2002-04-01,1.64399,2.48514,1.18771,1.56968
2002-05-01,1.24083,2.53643,0.98826,1.65861
2002-06-01,1.06922,2.25806,0.93620,1.59333
2002-07-01,1.46561,2.19957,1.19216,1.53826
2002-08-01,1.74746,2.35672,1.40295,1.68772
2002-09-01,1.51600,2.24479,1.93282,2.43569
2002-10-01,2.02703,2.18783,1.76045,1.80552
2002-11-01,2.25352,2.02020,1.92999,1.69770
2002-12-01,2.48027,1.96391,2.13367,1.76889
2003-01-01,2.75746,1.96078,2.34652,1.78091
2003-02-01,3.14607,1.79799,2.60462,1.72687
2003-03-01,3.02521,1.74419,2.58965,1.76890
2003-04-01,2.17513,1.47601,1.98870,1.59845
2003-05-01,1.89415,1.52632,1.80481,1.63155
2003-06-01,1.94878,1.47213,1.78813,1.52707
2003-07-01,2.05556,1.52231,1.86274,1.57416
2003-08-01,2.21607,1.30822,2.00672,1.48886
2003-09-01,2.37832,1.25457,2.14134,1.46463
2003-10-01,2.04194,1.30548,1.96821,1.56590
2003-11-01,1.92837,1.09432,1.99618,1.60535
2003-12-01,2.03520,1.09318,2.12288,1.63710
2004-01-01,2.02629,1.14345,2.21241,1.82899
2004-02-01,1.68845,1.24675,2.00062,1.85327
2004-03-01,1.74008,1.55844,1.89643,1.86049
2004-04-01,2.29258,1.76623,2.25922,2.01245
2004-05-01,2.89776,1.71073,2.70954,2.00575
2004-06-01,3.16767,1.86528,2.89091,2.11006
2004-07-01,2.93958,1.75801,2.68454,1.97554
2004-08-01,2.54743,1.70455,2.39117,1.89990
2004-09-01,2.53917,1.96180,2.27392,1.94909
2004-10-01,3.19091,2.01031,2.70001,1.98208
2004-11-01,3.62162,2.21649,2.96563,2.06254
2004-12-01,3.34232,2.26571,2.79372,2.06627
2005-01-01,2.84487,2.26105,2.53203,2.17143
2005-02-01,3.05303,2.30888,2.59873,2.17544
2005-03-01,3.20684,2.35294,2.74751,2.25561
2005-04-01,3.36179,2.19500,2.84450,2.10751
2005-05-01,2.86929,2.19164,2.56897,2.17689
2005-06-01,2.54103,2.03459,2.34120,2.08637
2005-07-01,3.06716,2.08333,2.67943,2.11497
2005-08-01,3.64693,2.13306,3.04080,2.15887
2005-09-01,4.74183,1.92405,3.83002,2.19327
2005-10-01,4.35010,2.07175,3.55136,2.26522
2005-11-01,3.33855,2.11800,2.93841,2.30603
2005-12-01,3.33855,2.11480,2.88363,2.28088
2006-01-01,4.01879,2.11055,3.24694,2.14248
2006-02-01,3.63825,2.10632,3.02224,2.13771
2006-03-01,3.41792,2.09895,2.91367,2.16793
2006-04-01,3.61384,2.29770,3.10283,2.36219
2006-05-01,3.97727,2.44389,3.32153,2.40857
2006-06-01,4.18172,2.64207,3.51163,2.59579
2006-07-01,4.10467,2.68790,3.42735,2.54576
2006-08-01,3.92657,2.83441,3.33588,2.67135
2006-09-01,2.01207,2.93095,2.08003,2.60601
2006-10-01,1.40633,2.77228,1.67697,2.49692
2006-11-01,1.96870,2.61728,1.92467,2.28422
2006-12-01,2.52398,2.61341,2.28675,2.31560
2007-01-01,2.07577,2.65748,2.13326,2.50045
2007-02-01,2.42026,2.71857,2.38921,2.55647
2007-03-01,2.79820,2.50514,2.56490,2.37699
2007-04-01,2.59292,2.41553,2.33078,2.21097
2007-05-01,2.70989,2.26777,2.35298,2.07564
2007-06-01,2.69277,2.18164,2.31763,1.98727
2007-07-01,2.31789,2.16820,2.12473,2.04111
2007-08-01,1.89745,2.08849,1.87372,1.98484
2007-09-01,2.83383,2.10135,2.53469,2.10233
2007-10-01,3.61070,2.15655,3.08847,2.18351
2007-11-01,4.37327,2.33879,3.59963,2.33584
2007-12-01,4.10881,2.43537,3.47163,2.40339
2008-01-01,4.29470,2.47891,3.38741,2.19304
2008-02-01,4.14296,2.29708,3.27292,2.07241
2008-03-01,3.97490,2.38852,3.19114,2.16974
2008-04-01,3.90376,2.29467,3.13952,2.08372
2008-05-01,4.08841,2.32222,3.28214,2.14893
2008-06-01,4.93597,2.39173,3.81144,2.21410
2008-07-01,5.49751,2.46331,4.13566,2.24450
2008-08-01,5.30802,2.49812,3.98063,2.21794
2008-09-01,4.95332,2.43862,3.66784,2.04398
2008-10-01,3.73106,2.22136,2.67184,1.63440
2008-11-01,1.09992,2.01589,0.92503,1.39027
2008-12-01,-0.02223,1.76246,0.12957,1.13783
2009-01-01,-0.11359,1.67235,-0.11110,0.90593
2009-02-01,0.00846,1.80098,-0.13125,0.88784
2009-03-01,-0.44648,1.78761,-0.52575,0.76246
2009-04-01,-0.57632,1.93233,-0.56757,0.92792
2009-05-01,-1.01576,1.84613,-0.88921,0.82230
2009-06-01,-1.22917,1.71197,-1.01862,0.72015
2009-07-01,-1.95876,1.52710,-1.46601,0.62558
2009-08-01,-1.48384,1.43397,-1.10012,0.65094
2009-09-01,-1.37794,1.47984,-1.02275,0.72518
2009-10-01,-0.22397,1.71273,0.01339,1.23990
2009-11-01,1.91459,1.71424,1.46061,1.37348
2009-12-01,2.81412,1.82367,2.08972,1.50952
2010-01-01,2.62111,1.51234,2.30172,1.69090
2010-02-01,2.15134,1.34945,2.11633,1.69865
2010-03-01,2.28617,1.15921,2.37272,1.77697
2010-04-01,2.20677,0.96751,2.28212,1.60297
2010-05-01,2.00355,0.94014,2.20847,1.63686
2010-06-01,1.12156,0.95020,1.56222,1.55557
2010-07-01,1.34078,0.95775,1.63739,1.47059
2010-08-01,1.15018,0.91710,1.48240,1.41762
2010-09-01,1.11831,0.81439,1.41955,1.29683
2010-10-01,1.16670,0.60272,1.35842,1.07878
2010-11-01,1.08454,0.67206,1.30720,1.12158
2010-12-01,1.43779,0.66189,1.47767,1.05675
2011-01-01,1.70078,0.98353,1.55987,1.12344
2011-02-01,2.12490,1.12445,1.84503,1.21190
2011-03-01,2.61924,1.20979,2.11055,1.21457
2011-04-01,3.07723,1.31554,2.48810,1.39470
2011-05-01,3.45897,1.45410,2.76625,1.52356
2011-06-01,3.50232,1.58368,2.78845,1.58633
2011-07-01,3.57988,1.74148,2.87570,1.73445
2011-08-01,3.75500,1.96516,2.97673,1.83963
2011-09-01,3.81262,1.98772,3.01903,1.85082
2011-10-01,3.52227,2.10792,2.69363,1.74472
2011-11-01,3.45143,2.13820,2.69926,1.82786
2011-12-01,3.06207,2.27666,2.52662,1.97496
2012-01-01,3.00877,2.27735,2.56931,2.06148
2012-02-01,2.89818,2.15982,2.51315,2.02585
2012-03-01,2.58288,2.24834,2.29803,2.04485
2012-04-01,2.27316,2.31443,1.99985,1.96534
2012-05-01,1.73794,2.25226,1.57694,1.82674
2012-06-01,1.65387,2.19229,1.54602,1.81926
2012-07-01,1.41751,2.10996,1.41003,1.77387
2012-08-01,1.68593,1.93525,1.51187,1.63592
2012-09-01,1.94972,2.00824,1.67797,1.69160
2012-10-01,2.15568,1.99465,1.97688,1.88945
2012-11-01,1.79602,1.95285,1.69910,1.78307
2012-12-01,1.75950,1.89969,1.62438,1.68987
2013-01-01,1.68406,1.90980,1.47081,1.59159
2013-02-01,2.01814,1.98874,1.60461,1.56013
2013-03-01,1.51875,1.88902,1.27699,1.48074
2013-04-01,1.13881,1.71556,1.04123,1.37706
2013-05-01,1.39039,1.64555,1.22903,1.39292
2013-06-01,1.71579,1.62310,1.50551,1.46365
2013-07-01,1.88547,1.70022,1.59511,1.48796
2013-08-01,1.53881,1.78211,1.40479,1.53325
2013-09-01,1.09473,1.75194,1.14129,1.52923
2013-10-01,0.87680,1.68684,0.97611,1.45482
2013-11-01,1.23287,1.74167,1.19547,1.51426
2013-12-01,1.51284,1.74086,1.38810,1.54736
2014-01-01,1.55776,1.60703,1.40541,1.45246
2014-02-01,1.12047,1.55481,1.09398,1.39012
2014-03-01,1.61269,1.64566,1.38970,1.44742
2014-04-01,2.01513,1.82106,1.67311,1.57127
2014-05-01,2.16695,1.94553,1.76617,1.62366
2014-06-01,2.05898,1.92286,1.65146,1.56354
2014-07-01,1.97424,1.84496,1.66924,1.61032
2014-08-01,1.71510,1.73640,1.50624,1.53975
2014-09-01,1.68405,1.74095,1.49725,1.55485
2014-10-01,1.60954,1.81763,1.33294,1.47091
2014-11-01,1.23152,1.74159,1.08576,1.39258
2014-12-01,0.65312,1.62242,0.73226,1.35635
2015-01-01,-0.22993,1.63163,0.04140,1.20971
2015-02-01,-0.08703,1.68808,0.17070,1.27748
2015-03-01,-0.02203,1.74538,0.19935,1.28084
2015-04-01,-0.10403,1.80283,0.11032,1.29437
2015-05-01,0.03503,1.75094,0.18529,1.24720
2015-06-01,0.17957,1.77727,0.27043,1.25415
2015-07-01,0.22569,1.83463,0.21973,1.17895
2015-08-01,0.24130,1.85063,0.23927,1.22125
2015-09-01,0.00884,1.89710,0.06570,1.23212
2015-10-01,0.12762,1.91353,0.09550,1.17799
2015-11-01,0.43632,1.99743,0.25388,1.19670
2015-12-01,0.63872,2.07151,0.34596,1.19170
2016-01-01,1.23750,2.14502,0.87115,1.40624
2016-02-01,0.84728,2.22257,0.64033,1.46589
2016-03-01,0.89162,2.14243,0.68551,1.45745
2016-04-01,1.17263,2.15665,0.92591,1.51995
2016-05-01,1.07848,2.25456,0.84869,1.56873
2016-06-01,1.07929,2.26221,0.82961,1.55240
2016-07-01,0.86836,2.17014,0.75508,1.59933
2016-08-01,1.05532,2.30873,0.88821,1.69696
2016-09-01,1.54864,2.27112,1.21977,1.68525
2016-10-01,1.68592,2.20456,1.42700,1.78241
2016-11-01,1.68433,2.14542,1.39740,1.71886
2016-12-01,2.05080,2.19712,1.65716,1.77009
2017-01-01,2.51039,2.25021,2.00521,1.86333
2017-02-01,2.81036,2.23535,2.19714,1.86728
2017-03-01,2.44120,2.04585,1.90636,1.67865
2017-04-01,2.17622,1.89657,1.76747,1.63682
2017-05-01,1.85634,1.73709,1.55777,1.54552
2017-06-01,1.64057,1.69912,1.46555,1.57644
2017-07-01,1.72511,1.67696,1.48563,1.50311
2017-08-01,1.92812,1.65524,1.57191,1.43359
2017-09-01,2.18057,1.59539,1.75744,1.42259
2017-10-01,2.02076,1.75964,1.68204,1.54101
2017-11-01,2.17249,1.73761,1.79371,1.54538
2017-12-01,2.12993,1.77017,1.76641,1.57688
2018-01-01,2.15132,1.89127,1.75765,1.63204
2018-02-01,2.26347,1.87770,1.83761,1.64422
2018-03-01,2.33095,2.12278,1.99829,1.90918
2018-04-01,2.47100,2.15064,2.04663,1.88422
2018-05-01,2.78192,2.27300,2.26621,1.98090
2018-06-01,2.80755,2.24552,2.26831,1.93622
2018-07-01,2.85412,2.26760,2.33861,1.99580
2018-08-01,2.64292,2.12089,2.18041,1.89576
2018-09-01,2.33206,2.19768,2.00996,1.96030
2018-10-01,2.49203,2.12641,2.05310,1.87091
2018-11-01,2.14733,2.21538,1.94189,2.01025
2018-12-01,2.00238,2.24853,1.86469,2.03808
2019-01-01,1.48759,2.17943,1.43183,1.84443
2019-02-01,1.51886,2.14109,1.40017,1.74411
2019-03-01,1.88319,2.06656,1.52181,1.61607
2019-04-01,2.00058,2.09134,1.56634,1.63678
2019-05-01,1.79591,1.97243,1.46555,1.56318
2019-06-01,1.67119,2.07460,1.42607,1.65698
2019-07-01,1.82633,2.16570,1.45393,1.63912
2019-08-01,1.73764,2.32114,1.43042,1.74580
2019-09-01,1.68450,2.33001,1.28395,1.63201
2019-10-01,1.73397,2.33781,1.28856,1.62359
2019-11-01,2.09229,2.35470,1.35828,1.49772
2019-12-01,2.31953,2.29060,1.56376,1.54475
2020-01-01,2.59977,2.28174,1.79448,1.59133
2020-02-01,2.34132,2.36766,1.68910,1.69770
2020-03-01,1.49404,2.09774,1.16621,1.52730
2020-04-01,0.31305,1.43093,0.46246,0.99550
2020-05-01,0.19820,1.21846,0.49016,0.99738
2020-06-01,0.71666,1.18368,0.75954,0.97045
2020-07-01,0.99686,1.56070,0.92258,1.21434
2020-08-01,1.28107,1.72239,1.15752,1.39310
2020-09-01,1.39102,1.71906,1.27635,1.47969
2020-10-01,1.23039,1.63641,1.18749,1.42173
2020-11-01,1.17575,1.66938,1.18626,1.45352
2020-12-01,1.32042,1.62431,1.33452,1.50879
2021-01-01,1.37384,1.37637,1.58580,1.69749
2021-02-01,1.66982,1.28025,1.84273,1.70947
2021-03-01,2.66782,1.64948,2.66901,2.19914
2021-04-01,4.13308,2.97803,3.64029,3.13060
2021-05-01,4.91826,3.78770,4.07246,3.54112
2021-06-01,5.29563,4.43936,4.30613,3.86171
2021-07-01,5.24517,4.21072,4.47322,3.92712
2021-08-01,5.15202,3.93969,4.58091,3.95846
2021-09-01,5.35122,4.00286,4.73743,4.01385
2021-10-01,6.23504,4.59032,5.33614,4.43667
2021-11-01,6.90197,4.97257,5.93019,4.89087
2021-12-01,7.17434,5.48899,6.14197,5.21455
2022-01-01,7.55881,6.05429,6.27243,5.35844
2022-02-01,7.93728,6.45512,6.54554,5.60276
2022-03-01,8.57220,6.48238,6.92641,5.59322
2022-04-01,8.23175,6.15874,6.68476,5.34502
2022-05-01,8.53817,6.02545,6.79455,5.18414
2022-06-01,8.97936,5.90634,7.24347,5.31569
2022-07-01,8.46258,5.89992,6.75020,5.10737
2022-08-01,8.22258,6.28609,6.63968,5.36245
2022-09-01,8.19211,6.62429,6.66794,5.60648
2022-10-01,7.75881,6.29500,6.46160,5.45976
2022-11-01,7.12286,5.96988,6.03049,5.20809
2022-12-01,6.40460,5.68553,5.52005,4.96688
2023-01-01,6.32718,5.53953,5.50773,4.93767
2023-02-01,5.95782,5.49826,5.19780,4.85560
2023-03-01,4.91772,5.56674,4.42827,4.78329
2023-04-01,4.95008,5.51436,4.47601,4.78964
2023-05-01,4.13185,5.33755,4.00346,4.73163
2023-06-01,3.07062,4.85360,3.28452,4.38379
2023-07-01,3.28775,4.70097,3.40904,4.29912
2023-08-01,3.72250,4.39914,3.43206,3.82820
2023-09-01,3.68721,4.12875,3.44889,3.68777
2023-10-01,3.25127,4.02740,3.02326,3.47406
2023-11-01,3.13335,4.01798,2.76509,3.29074
2023-12-01,3.31591,3.91547,2.76727,3.11239
2024-01-01,3.08834,3.85835,2.69875,3.15901
2024-02-01,3.15707,3.76196,2.70506,3.05947
2024-03-01,3.48683,3.81619,2.92794,3.12217
2024-04-01,3.36080,3.62603,2.82615,3.00672
2024-05-01,3.24428,3.39442,2.66167,2.77118
2024-06-01,2.97026,3.26542,2.54837,2.75316
2024-07-01,2.94148,3.23019,2.59438,2.80622
2024-08-01,2.60714,3.28510,2.41299,2.87328
2024-09-01,2.42648,3.28236,2.26077,2.83863
2024-10-01,2.57884,3.29869,2.47769,2.98650
2024-11-01,2.71947,3.28594,2.58780,2.98071
2024-12-01,2.87069,3.21333,2.72809,2.98859
2025-01-01,2.99098,3.28297,2.60738,2.78014
2025-02-01,2.80158,3.13756,2.71048,2.96864
2025-03-01,2.38198,2.80878,2.35943,2.67029
2025-04-01,2.32539,2.77602,2.27743,2.61480
2025-05-01,2.37727,2.76584,2.45809,2.78388
2025-06-01,2.68045,2.91090,2.59351,2.80737
2025-07-01,2.74262,3.05449,2.60555,2.86305
2025-08-01,2.93859,3.11181,2.74762,2.91242
2025-09-01,3.02257,3.01997,2.78744,2.82507
2025-10-01,,,2.71258,2.75454
2025-11-01,2.69644,2.59904,2.82019,2.82909
2025-12-01,2.65330,2.64648,2.87808,2.97111
2026-01-01,2.39120,2.51203,2.87521,3.10466
2026-02-01,2.43400,2.47246,2.87323,3.04926
2026-03-01,3.28596,2.60217,3.54293,3.25385
2026-04-01,3.77925,2.74331,3.80182,3.32983
2026-05-01,4.16661,2.82294,4.11141,3.46371
2026-06-01,3.46353,2.56579,3.71697,3.34361
2026-07-01,3.30386,2.46652,3.70117,3.34414
2026-08-01,3.35302,2.44616,,
